<?xml version="1.0" encoding="UTF-8"?>
<project xmlns="http://maven.apache.org/POM/4.0.0" xmlns:xsi="http://www.w3.org/2001/XMLSchema-instance" xsi:schemaLocation="http://maven.apache.org/POM/4.0.0 http://maven.apache.org/maven-v4_0_0.xsd">
  <modelVersion>4.0.0</modelVersion>
  <groupId>AirbusConsumerApp</groupId>
  <artifactId>AirbusConsumerAppTest</artifactId>
  <name>AirbusConsumerAppTest Maven Webapp</name>
  <version>0.0.1-SNAPSHOT</version>
  <url>http://maven.apache.org</url>
  <build>
    <finalName>AirbusConsumerAppTest</finalName>
    <plugins>
      <plugin>
        <artifactId>maven-shade-plugin</artifactId>
        <version>2.1</version>
        <executions>
          <execution>
            <phase>package</phase>
            <goals>
              <goal>shade</goal>
            </goals>
            <configuration>
              <transformers>
                <transformer />
              </transformers>
            </configuration>
          </execution>
        </executions>
      </plugin>
      <plugin>
        <artifactId>maven-jar-plugin</artifactId>
        <version>3.1.0</version>
        <configuration>
          <archive>
            <manifest>
              <addClasspath>true</addClasspath>
              <classpathPrefix>lib/</classpathPrefix>
              <mainClass>com.myntra.test.airbus.consumer.AirbusConsumerTest</mainClass>
            </manifest>
          </archive>
        </configuration>
      </plugin>
    </plugins>
  </build>
  <dependencies>
    <dependency>
      <groupId>org.slf4j</groupId>
      <artifactId>slf4j-simple</artifactId>
      <version>1.7.25</version>
      <scope>test</scope>
    </dependency>
    <dependency>
      <groupId>org.slf4j</groupId>
      <artifactId>slf4j-log4j12</artifactId>
      <version>1.7.25</version>
      <scope>test</scope>
      <exclusions>
        <exclusion>
          <artifactId>log4j</artifactId>
          <groupId>log4j</groupId>
        </exclusion>
      </exclusions>
    </dependency>
  </dependencies>
</project>

